DATA_ZESTAWIENIA;TYP_SUBSKRYBENTA;TYP_KREDYTU;LICZBA_KREDYTOW;KWOTA_KREDYTOW;KWOTA_DO_SPLATY;LICZBA_KREDYTOW_DEF01;LICZBA_KREDYTOW_DEF30;LICZBA_KREDYTOW_DEF90;KWOTA_DO_SPLATY_DEF01;KWOTA_DO_SPLATY_DEF30;KWOTA_DO_SPLATY_DEF90;LICZBA_KLIENTOW;LICZBA_KLIENTOW_DEF2
2017-01-31 00:00:00;;Gotówkowe;7521890,999999999999999999999999999999;;124147846701,147;;1066848,99999999999999999999999999999993;947994,999999999999999999999999999999937;;20628488798,3888;18137827449,1529;;
2017-01-31 00:00:00;;Karty kredytowe;6555720,99999999999999999999999999999999;;13007914102;;384426,999999999999999999999999999999998;325309;;1320977693;1159230788;;
2017-01-31 00:00:00;;Limity;6195935,99999999999999999999999999999902;;10264579020,5778;;272707;247116;;1252285951,569;1170245830,569;;
2017-01-31 00:00:00;;Mieszkaniowe;2249832,99999999999999999999999999999226;;408513483960,233899999999999999999999996;;45673,9999999999999999999999999999999995;31782,9999999999999999999999999999999997;;15754669244,5308;12180272180,1216;;
2017-01-31 00:00:00;;Po¿yczki pozabankowe;656184;;1427858531;;233528;172869;;542477124;406670158;;
2017-01-31 00:00:00;;Ratalne;4737382,99999999999999999999999999999971;;17560249109,8724;;358362,999999999999999999999999999999997;315765;;2678463441,047;2509745816,2404;;
2017-02-28 00:00:00;;Gotówkowe;7530730,999999999999999999999999999999;;125034919401,725632;;1068379,99999999999999999999999999999993;952548,999999999999999999999999999999936;;20818117991,0251;18341027274,3359;;
2017-02-28 00:00:00;;Karty kredytowe;6550755,99999999999999999999999999999999;;12983876498;;381646,999999999999999999999999999999998;324659;;1326202860;1181377763;;
2017-02-28 00:00:00;;Limity;6186642,99999999999999999999999999999902;;9969782022,7493999999999999999999999999;;267075;245827;;1235639464,117;1164182003,117;;
2017-02-28 00:00:00;;Mieszkaniowe;2259460,99999999999999999999999999999224;;409002633167,011832000000000000000000009;;45614,9999999999999999999999999999999994;31777,9999999999999999999999999999999997;;15762359631,929032;12207960829,605288;;
2017-02-28 00:00:00;;Po¿yczki pozabankowe;674546;;1479164902;;244362;182322;;574219171;433349563;;
2017-02-28 00:00:00;;Ratalne;4704187,99999999999999999999999999999971;;17439622556,4075479999999999999999999999;;353679,999999999999999999999999999999998;313091;;2665899366,9944;2484635668,4935;;
2017-03-31 00:00:00;;Gotówkowe;7544418,99999999999999999999999999999901;;126315997432,124156;;1034956,99999999999999999999999999999993;922663,999999999999999999999999999999941;;20586971427,8842;18178606459,9288;;
2017-03-31 00:00:00;;Karty kredytowe;6532489,99999999999999999999999999999999;;12837956934;;359967,999999999999999999999999999999998;306046;;1239547722;1093838733;;
2017-03-31 00:00:00;;Limity;6159261,99999999999999999999999999999902;;9867982435,81519999999999999999999999991;;264700;239943;;1176706789,6256;1095350110,6256;;
2017-03-31 00:00:00;;Mieszkaniowe;2269104,99999999999999999999999999999223;;406422755575,726137000000000000000000001;;44696,9999999999999999999999999999999996;32017,9999999999999999999999999999999997;;15518369542,585439;12130407747,080431;;
2017-03-31 00:00:00;;Po¿yczki pozabankowe;664709;;1363133024;;223546;160370;;516667913;368609188;;
2017-03-31 00:00:00;;Ratalne;4680191,99999999999999999999999999999971;;17204329397,000495;;325233;286790;;2501522475,5304;2335374874,7502;;
2017-04-30 00:00:00;;Gotówkowe;7570495,999999999999999999999999999999;;127816426153,426797;;1049826,99999999999999999999999999999993;930973,999999999999999999999999999999938;;21022604969,8696;18463384063,6232;;
2017-04-30 00:00:00;;Karty kredytowe;6529318,99999999999999999999999999999999;;12992566199;;377056,999999999999999999999999999999999;315737;;1302849633;1139230137;;
2017-04-30 00:00:00;;Limity;6144502,99999999999999999999999999999902;;9851404282,44399999999999999999999999977;;263291;240065;;1177895516,116;1103843885,116;;
2017-04-30 00:00:00;;Mieszkaniowe;2276647,99999999999999999999999999999221;;406202794198,994790999999999999999999989;;44980,9999999999999999999999999999999996;32284,9999999999999999999999999999999997;;15516329347,887827;12174171917,15856;;
2017-04-30 00:00:00;;Po¿yczki pozabankowe;678791;;1526620011;;235820;167472;;553115000;389901045;;
2017-04-30 00:00:00;;Ratalne;4691886,99999999999999999999999999999974;;17118786101,609953;;326393;285651;;2539466224,2248;2348154785,444;;
2017-05-31 00:00:00;;Gotówkowe;7623158,99999999999999999999999999999901;;129250934601,26417;;1068814,99999999999999999999999999999992;947060,999999999999999999999999999999935;;21483774338,7341;18889769675,1459;;
2017-05-31 00:00:00;;Karty kredytowe;6529197,99999999999999999999999999999999;;13251918689;;381119,999999999999999999999999999999999;318864;;1326918122;1162985037;;
2017-05-31 00:00:00;;Limity;6138408,99999999999999999999999999999902;;10289674531,6631999999999999999999999998;;268042;244375;;1200747952,9868;1122853588,9868;;
2017-05-31 00:00:00;;Mieszkaniowe;2284663,99999999999999999999999999999223;;404506871083,055998;;45036,9999999999999999999999999999999997;32612,9999999999999999999999999999999997;;15471331357,718524;12184777105,260451;;
2017-05-31 00:00:00;;Po¿yczki pozabankowe;722012;;1616604357;;250836;177534;;601181887;421381020;;
2017-05-31 00:00:00;;Ratalne;4688956,99999999999999999999999999999973;;17012622079,28827;;330296,999999999999999999999999999999999;288935;;2523553228,0138;2351903131,7584;;
2017-06-30 00:00:00;;Gotówkowe;7637048,99999999999999999999999999999899;;129334234113,464344;;1052480,99999999999999999999999999999993;930929,999999999999999999999999999999937;;21363521664,032848;18829745372,1082;;
2017-06-30 00:00:00;;Karty kredytowe;6489316,99999999999999999999999999999999;;13207235337;;355872,999999999999999999999999999999998;292983;;1228718921;1068877281;;
2017-06-30 00:00:00;;Limity;6135083,99999999999999999999999999999903;;10075770645,8646999999999999999999999999;;259035;239412;;1127940728,9038;1058907255,9038;;
2017-06-30 00:00:00;;Mieszkaniowe;2292263,9999999999999999999999999999922;;407372354385,932935999999999999999999995;;44661,9999999999999999999999999999999997;32172,9999999999999999999999999999999997;;15489922452,677672;12287189043,870056;;
2017-06-30 00:00:00;;Po¿yczki pozabankowe;753570;;1700967964;;257003;182085;;624216426;435817802;;
2017-06-30 00:00:00;;Ratalne;4651023,99999999999999999999999999999974;;16629932602,397404;;331682;289302;;2420999403,4507;2257564409,1076;;
2017-07-31 00:00:00;;Gotówkowe;7663596,999999999999999999999999999999;;130760169403,248996;;1058977,99999999999999999999999999999992;937591,999999999999999999999999999999936;;21633694451,10071;19039325506,0774;;
2017-07-31 00:00:00;;Karty kredytowe;6473876,99999999999999999999999999999999;;13282862207;;354416,999999999999999999999999999999999;292567;;1254356968;1085868781;;
2017-07-31 00:00:00;;Limity;6136402,99999999999999999999999999999903;;10216601058,0530999999999999999999999998;;263969;240751;;1142022390,052;1065154720,052;;
2017-07-31 00:00:00;;Mieszkaniowe;2298867,9999999999999999999999999999922;;404863138425,209560000000000000000000019;;45519,9999999999999999999999999999999996;32506,9999999999999999999999999999999997;;15645842946,906372;12259109797,597382;;
2017-07-31 00:00:00;;Po¿yczki pozabankowe;780193;;1789713837;;262646;187919;;652546142;460809825;;
2017-07-31 00:00:00;;Ratalne;4650812,99999999999999999999999999999973;;16678369750,548132;;337906,999999999999999999999999999999999;292027;;2487930601,5231;2280492813,4118;;
2017-08-31 00:00:00;;Gotówkowe;7707395,999999999999999999999999999999;;131655238704,252092;;1058688,99999999999999999999999999999992;937647,999999999999999999999999999999937;;21523351606,355694;18959850704,793094;;
2017-08-31 00:00:00;;Karty kredytowe;6457340,99999999999999999999999999999999;;13385426684;;344724,999999999999999999999999999999999;284443;;1239942093;1079823181;;
2017-08-31 00:00:00;;Limity;6136760,99999999999999999999999999999903;;10369141283,4033999999999999999999999998;;266424;241478;;1145861094,9786;1067725565,9786;;
2017-08-31 00:00:00;;Mieszkaniowe;2304386,99999999999999999999999999999225;;405486400591,528455999999999999999999994;;45881,9999999999999999999999999999999996;33042,9999999999999999999999999999999998;;15736776258,71486;12464555604,348848;;
2017-08-31 00:00:00;;Po¿yczki pozabankowe;815888;;1913439618;;265055;188294;;674157584;469311328;;
2017-08-31 00:00:00;;Ratalne;4609586,99999999999999999999999999999974;;16697929854,26295;;334802,999999999999999999999999999999999;288595;;2472665769,998;2286758684,4364;;
2017-09-30 00:00:00;;Gotówkowe;7727704,999999999999999999999999999999;;132479956391,848887;;1053983,99999999999999999999999999999993;934902,999999999999999999999999999999936;;21291378362,904519;18798485565,464719;;
2017-09-30 00:00:00;;Karty kredytowe;6455680,99999999999999999999999999999999;;13432615870;;347781,999999999999999999999999999999999;288920;;1257211806;1102085674;;
2017-09-30 00:00:00;;Limity;6138913,99999999999999999999999999999904;;10330562346,8214999999999999999999999998;;261755;242347;;1145379471,483;1078443065,483;;
2017-09-30 00:00:00;;Mieszkaniowe;2310971,99999999999999999999999999999219;;408236718887,346078000000000000000000009;;45073,9999999999999999999999999999999997;32684,9999999999999999999999999999999998;;15445341058,125047;12314967302,496898;;
2017-09-30 00:00:00;;Po¿yczki pozabankowe;848040;;2048923326;;273065;196114;;712954346;500228349;;
2017-09-30 00:00:00;;Ratalne;4628387,99999999999999999999999999999974;;16794397067,447708;;334153;288251;;2402234027,2361;2238938988,3722;;
2017-10-31 00:00:00;;Gotówkowe;7756686,99999999999999999999999999999899;;133439402030,061808;;1060420,99999999999999999999999999999993;938663,999999999999999999999999999999936;;21488354844,0981;18917066809,3753;;
2017-10-31 00:00:00;;Karty kredytowe;6444082,99999999999999999999999999999999;;13472215663;;362481,999999999999999999999999999999998;299288;;1273574064;1108170186;;
2017-10-31 00:00:00;;Limity;6133616,99999999999999999999999999999904;;10488228112,0261;;268084;242158;;1161749296,6233;1083427438,6233;;
2017-10-31 00:00:00;;Mieszkaniowe;2317924,99999999999999999999999999999225;;406056913586,644842;;44610,9999999999999999999999999999999997;32350,9999999999999999999999999999999998;;15125728353,525962;12142603362,491032;;
2017-10-31 00:00:00;;Po¿yczki pozabankowe;828916;;2194500299;;278765;199876;;753483016;523607970;;
2017-10-31 00:00:00;;Ratalne;4606452,99999999999999999999999999999975;;16801714388,993172;;345946,999999999999999999999999999999997;289859;;2402724309,886;2232889896,1435;;
2017-11-30 00:00:00;;Gotówkowe;7769734,99999999999999999999999999999898;;134008881294,852475;;1048949,99999999999999999999999999999993;930103,999999999999999999999999999999936;;21219453463,0314;18734714871,4673;;
2017-11-30 00:00:00;;Karty kredytowe;6443233,99999999999999999999999999999999;;13520798149;;342142,999999999999999999999999999999999;284023;;1225739142;1069362226;;
2017-11-30 00:00:00;;Limity;6125969,99999999999999999999999999999904;;10415290752,0345999999999999999999999998;;265433;241873;;1158896922,4569;1088521020,4569;;
2017-11-30 00:00:00;;Mieszkaniowe;2323330,99999999999999999999999999999225;;405096660628,722340999999999999999999994;;43879,9999999999999999999999999999999996;32300,9999999999999999999999999999999997;;14951832775,603343;12118432665,456708;;
2017-11-30 00:00:00;;Po¿yczki pozabankowe;846277;;2637068633;;295610;209979;;843275364;572125094;;
2017-11-30 00:00:00;;Ratalne;4676464,99999999999999999999999999999974;;16889854673,413616;;346200,999999999999999999999999999999999;293885;;2327414151,5517;2173675347,1642;;
2017-12-31 00:00:00;;Gotówkowe;7729693,99999999999999999999999999999901;;133545643948,777758;;999435,999999999999999999999999999999927;879261,99999999999999999999999999999994;;20284889817,6289;17748571218,7953;;
2017-12-31 00:00:00;;Karty kredytowe;6424889,99999999999999999999999999999999;;13554587343;;357196,999999999999999999999999999999999;286575;;1263867651;1089684356;;
2017-12-31 00:00:00;;Limity;6067482,99999999999999999999999999999904;;10185983580,0507999999999999999999999998;;224724;200490;;1083737333,314;1009362602,314;;
2017-12-31 00:00:00;;Mieszkaniowe;2325853,99999999999999999999999999999227;;404613358799,516686000000000000000000003;;42840,9999999999999999999999999999999997;31524,9999999999999999999999999999999997;;14547264192,080382;11760948745,953478;;
2017-12-31 00:00:00;;Po¿yczki pozabankowe;849495;;2760352806;;278235;189358;;859013267;570561357;;
2017-12-31 00:00:00;;Ratalne;4820545,99999999999999999999999999999976;;17316947108,532966;;341499,999999999999999999999999999999999;286361;;2261194111,867;2079564716,373;;
2018-01-31 00:00:00;;Gotówkowe;7766294,99999999999999999999999999999901;;134501114512,283816;;1018206,99999999999999999999999999999992;896935,999999999999999999999999999999936;;20708445017,8988;18180257046,9074;;
2018-01-31 00:00:00;;Karty kredytowe;6408628,99999999999999999999999999999999;;13508012117;;367416,999999999999999999999999999999999;293192;;1294821798;1117630329;;
2018-01-31 00:00:00;;Limity;6057467,99999999999999999999999999999904;;10349736209,0427999999999999999999999998;;227511;203134;;1095926726,2164;1022778179,2164;;
2018-01-31 00:00:00;;Mieszkaniowe;2332082,99999999999999999999999999999224;;405065283145,424208000000000000000000002;;43421,9999999999999999999999999999999996;31658,9999999999999999999999999999999997;;14697984307,476232;11817366376,98464;;
2018-01-31 00:00:00;;Po¿yczki pozabankowe;885677;;2957284794;;288965;198000;;915282281;615733686;;
2018-01-31 00:00:00;;Ratalne;4813352,99999999999999999999999999999974;;17365206336,223404;;344748,999999999999999999999999999999999;291431;;2265282540,1419;2088099482,0499;;
2018-02-28 00:00:00;;Gotówkowe;7767636,99999999999999999999999999999902;;135510216669,921098;;1011325,99999999999999999999999999999992;894750,999999999999999999999999999999938;;20849350396,6352;18395076734,2229;;
2018-02-28 00:00:00;;Karty kredytowe;6382631,99999999999999999999999999999999;;13427095595;;370115,999999999999999999999999999999999;296745;;1287203395;1125092014;;
2018-02-28 00:00:00;;Limity;6051311,99999999999999999999999999999904;;10047181027,6236999999999999999999999998;;224200;203028;;1088372748,7552;1019591514,7552;;
2018-02-28 00:00:00;;Mieszkaniowe;2342230,99999999999999999999999999999226;;408069029264,258455999999999999999999991;;43257,9999999999999999999999999999999997;31561,9999999999999999999999999999999997;;14813764149,764544;11917502498,937066;;
2018-02-28 00:00:00;;Po¿yczki pozabankowe;906106;;3090459439;;289022;195963;;935512166;623178770;;
2018-02-28 00:00:00;;Ratalne;4792856,99999999999999999999999999999976;;17326474091,85476;;337333,999999999999999999999999999999998;286975;;2165177295,3079;1996247697,4555;;
2018-03-31 00:00:00;;Gotówkowe;7800299,99999999999999999999999999999901;;137004453110,418978;;1008252,99999999999999999999999999999992;895669,999999999999999999999999999999936;;20941763947,5326;18512612657,4226;;
2018-03-31 00:00:00;;Karty kredytowe;6370246,99999999999999999999999999999999;;13322998207;;361534,999999999999999999999999999999999;297449;;1266729144;1119441757;;
2018-03-31 00:00:00;;Limity;6044081,99999999999999999999999999999904;;9847838720,27929999999999999999999999976;;223078;202133;;1037381833,7929;969009783,7929;;
2018-03-31 00:00:00;;Mieszkaniowe;2352516,99999999999999999999999999999222;;408559977510,491539999999999999999999989;;42322,9999999999999999999999999999999997;31500,9999999999999999999999999999999997;;14547900509,266993;11840902480,588777;;
2018-03-31 00:00:00;;Po¿yczki pozabankowe;947880;;3287671579;;288811;193184;;961906225;633466975;;
2018-03-31 00:00:00;;Ratalne;4807600,99999999999999999999999999999976;;17444704152,457133;;339421,999999999999999999999999999999999;289892;;2151569589,7177;1989411653,1448;;
2018-04-30 00:00:00;;Gotówkowe;7842651,99999999999999999999999999999898;;138825399719,752502;;1012518,99999999999999999999999999999993;898287,999999999999999999999999999999939;;21496732261,825634;18971163420,0988;;
2018-04-30 00:00:00;;Karty kredytowe;6339978,99999999999999999999999999999999;;13517455727;;342826;283875;;1254856333;1100305959;;
2018-04-30 00:00:00;;Limity;6038745,99999999999999999999999999999905;;9931243570,41919999999999999999999999975;;225005;200495;;1033710367,1556;959290150,1556;;
2018-04-30 00:00:00;;Mieszkaniowe;2361445,99999999999999999999999999999222;;408795209305,332595999999999999999999981;;43055,9999999999999999999999999999999997;31644,9999999999999999999999999999999997;;14751193663,807229;11937835275,049117;;
2018-04-30 00:00:00;;Po¿yczki pozabankowe;960558;;3406815818;;288832;213713;;1007772912;717775839;;
2018-04-30 00:00:00;;Ratalne;4815573,99999999999999999999999999999975;;17432674943,492193;;339701,999999999999999999999999999999998;285658;;2140953675,402;1975224442,7492;;
2018-05-31 00:00:00;;Gotówkowe;7913911,99999999999999999999999999999901;;140738480293,08012;;1029724,99999999999999999999999999999992;913390,999999999999999999999999999999937;;22112592871,51796;19453208324,8193;;
2018-05-31 00:00:00;;Karty kredytowe;6347782,99999999999999999999999999999999;;13764265628;;344983;288536;;1271977170;1121349797;;
2018-05-31 00:00:00;;Limity;6039537,99999999999999999999999999999905;;10237805322,2274999999999999999999999998;;226705;203698;;1052955246,28;975929994,28;;
2018-05-31 00:00:00;;Mieszkaniowe;2369817,99999999999999999999999999999223;;418125820230,398749999999999999999999981;;45022,9999999999999999999999999999999997;32250,9999999999999999999999999999999997;;15680380864,19878;12339699117,095885;;
2018-05-31 00:00:00;;Po¿yczki pozabankowe;1001743;;3621870167;;301152;223852;;1086227973;778631539;;
2018-05-31 00:00:00;;Ratalne;4818430,99999999999999999999999999999977;;17548599021,2904649999999999999999999999;;351813,999999999999999999999999999999999;291431;;2225433794,3161;2005090193,2988;;
2018-06-30 00:00:00;;Gotówkowe;7946059,999999999999999999999999999999;;141796039867,04224;;1004295,99999999999999999999999999999993;889552,999999999999999999999999999999939;;21767314246,27384;19213072890,38504;;
2018-06-30 00:00:00;;Karty kredytowe;6357114,99999999999999999999999999999999;;13789632518;;341916,999999999999999999999999999999999;284398;;1279791348;1127981446;;
2018-06-30 00:00:00;;Limity;6028003,99999999999999999999999999999905;;10005739142,8372999999999999999999999998;;216847;196709;;1025739149,456;957055177,456;;
2018-06-30 00:00:00;;Mieszkaniowe;2375943,99999999999999999999999999999226;;420250083012,779959999999999999999999998;;43695,9999999999999999999999999999999997;31976,9999999999999999999999999999999998;;15164922866,32006;12196396398,71586;;
2018-06-30 00:00:00;;Po¿yczki pozabankowe;1019915;;3816866806;;302927;221554;;1096697098;767093276;;
2018-06-30 00:00:00;;Ratalne;4828252,99999999999999999999999999999976;;17560414914,40178;;355970,999999999999999999999999999999998;287886;;2139253305,0373;1969707157,3128;;
2018-07-31 00:00:00;;Gotówkowe;8010473,99999999999999999999999999999899;;143289121106,125788;;1014406,99999999999999999999999999999993;899197,999999999999999999999999999999941;;22095170797,298341;19535176827,343241;;
2018-07-31 00:00:00;;Karty kredytowe;6352656,99999999999999999999999999999999;;13831936542;;336219;280713;;1280264604;1127636046;;
2018-07-31 00:00:00;;Limity;6031383,99999999999999999999999999999905;;10231652814,7615999999999999999999999999;;225352;199458;;1054414281,2359;973501190,2359;;
2018-07-31 00:00:00;;Mieszkaniowe;2383980,99999999999999999999999999999226;;419329680391,010129000000000000000000002;;44190,9999999999999999999999999999999997;32233,9999999999999999999999999999999997;;15224291660,948939;12300785465,20217;;
2018-07-31 00:00:00;;Po¿yczki pozabankowe;998610;;3834012330;;288956;201204;;1097100398;746031220;;
2018-07-31 00:00:00;;Ratalne;4830659,99999999999999999999999999999978;;17572913799,398575;;364023,999999999999999999999999999999999;296697;;2120582465,0103;1961667112,6413;;
2018-08-31 00:00:00;;Gotówkowe;8069705,99999999999999999999999999999901;;144716375210,51465;;1024067,99999999999999999999999999999993;907016,99999999999999999999999999999994;;22534184875,0296;19944054253,9176;;
2018-08-31 00:00:00;;Karty kredytowe;6349839,99999999999999999999999999999999;;13940086581;;338255;284133;;1300246643;1146087599;;
2018-08-31 00:00:00;;Limity;6031829,99999999999999999999999999999905;;10263051936,0844;;220656;195345;;1033164767,5968;955507360,5968;;
2018-08-31 00:00:00;;Mieszkaniowe;2391700,99999999999999999999999999999229;;424531724213,670525;;44689,9999999999999999999999999999999997;32575,9999999999999999999999999999999998;;15571052036,6147;12522002425,8363;;
2018-08-31 00:00:00;;Po¿yczki pozabankowe;1017872;;3944738984;;299140;209221;;1167750747;801780849;;
2018-08-31 00:00:00;;Ratalne;4847333,99999999999999999999999999999979;;17708147531,438625;;370879,999999999999999999999999999999997;308397;;2141331189,7912;1981712689,6489;;
2018-09-30 00:00:00;;Gotówkowe;8060429,999999999999999999999999999999;;145571007961,667108;;991366,99999999999999999999999999999993;876545,999999999999999999999999999999945;;22218715859,543761;19651674670,244361;;
2018-09-30 00:00:00;;Karty kredytowe;6334780,99999999999999999999999999999999;;13874527362;;328350;274826;;1269939855;1113902490;;
2018-09-30 00:00:00;;Limity;6031114,99999999999999999999999999999905;;10282883403,3741999999999999999999999998;;217689;195453;;1023685189,7608;956768002,7608;;
2018-09-30 00:00:00;;Mieszkaniowe;2397713,99999999999999999999999999999228;;424758264418,170279999999999999999999978;;42749,9999999999999999999999999999999997;31222,9999999999999999999999999999999997;;15078365677,18836;12100089799,526544;;
2018-09-30 00:00:00;;Po¿yczki pozabankowe;1034629;;4043819999;;316062;226365;;1245562985;878645698;;
2018-09-30 00:00:00;;Ratalne;4832344,99999999999999999999999999999977;;17656352385,5670999999999999999999999999;;367356,999999999999999999999999999999997;306811;;2098043621,4824;1936506518,885;;
2018-10-31 00:00:00;;Gotówkowe;8102415,99999999999999999999999999999902;;146898732212,552835;;994881,999999999999999999999999999999925;880944,999999999999999999999999999999938;;22472598040,5465999999999999999999999999;19921188606,0878;;
2018-10-31 00:00:00;;Karty kredytowe;6335439,99999999999999999999999999999999;;13947403368;;326235;273265;;1266371549;1115089857;;
2018-10-31 00:00:00;;Limity;6029514,99999999999999999999999999999904;;10360291876,3417999999999999999999999998;;221138;196925;;1036566185,0982;963319402,0982;;
2018-10-31 00:00:00;;Mieszkaniowe;2406282,99999999999999999999999999999229;;427560318556,145085999999999999999999988;;42611,9999999999999999999999999999999997;31475,9999999999999999999999999999999997;;15089112316,391744;12213334504,120876;;
2018-10-31 00:00:00;;Po¿yczki pozabankowe;1060884;;4103739666;;326359;239296;;1309673367;943660367;;
2018-10-31 00:00:00;;Ratalne;4773305,99999999999999999999999999999977;;17573664977,304365;;332941;283114;;2046081307,0028;1897027253,5122;;
2018-11-30 00:00:00;;Gotówkowe;8137526,99999999999999999999999999999903;;148043321057,68498;;1007814,99999999999999999999999999999993;889495,999999999999999999999999999999941;;22984544569,8696;20261476511,2404;;
2018-11-30 00:00:00;;Karty kredytowe;6347538,99999999999999999999999999999999;;14089057137;;325989;271701;;1236169106;1079919523;;
2018-11-30 00:00:00;;Limity;6023461,99999999999999999999999999999905;;10246105624,4848;;215503;194264;;982502405,4848;916078463,4848;;
2018-11-30 00:00:00;;Mieszkaniowe;2412934,9999999999999999999999999999923;;429539225865,201110000000000000000000019;;43194,9999999999999999999999999999999997;31367,9999999999999999999999999999999997;;15254845423,41906;12254699316,40932;;
2018-11-30 00:00:00;;Po¿yczki pozabankowe;1060387;;4320016138;;325725;237734;;1350482781;972405568;;
2018-11-30 00:00:00;;Ratalne;4816909,99999999999999999999999999999977;;17717544321,12588;;335636,999999999999999999999999999999999;284160;;2059521843,9096;1909815074,2312;;
2018-12-31 00:00:00;;Gotówkowe;8116276,99999999999999999999999999999901;;148423979012,358048;;988619,999999999999999999999999999999926;867604,999999999999999999999999999999942;;22844466065,3826;20090378852,7494;;
2018-12-31 00:00:00;;Karty kredytowe;6335061,99999999999999999999999999999999;;14199383920;;314263;259091;;1237786409;1078859410;;
2018-12-31 00:00:00;;Limity;6009713,99999999999999999999999999999905;;10179511982,9780999999999999999999999998;;219349;193906;;983518059,9781;899815355,9781;;
2018-12-31 00:00:00;;Mieszkaniowe;2416638,99999999999999999999999999999228;;431448245632,389568000000000000000000009;;42630,9999999999999999999999999999999997;30223,9999999999999999999999999999999997;;15168180442,46036;11966379891,95048;;
2018-12-31 00:00:00;;Po¿yczki pozabankowe;1066056;;4416832295;;319645;228174;;1322286059;933296946;;
2018-12-31 00:00:00;;Ratalne;4892199,99999999999999999999999999999975;;17985709783,347048;;324339;271508;;2055946898,3901;1907232587,9633;;
2019-01-31 00:00:00;;Gotówkowe;8139231,99999999999999999999999999999902;;149300831303,335826;;997636,999999999999999999999999999999926;877720,999999999999999999999999999999942;;23335741589,9172;20556091570,8126;;
2019-01-31 00:00:00;;Karty kredytowe;6340252,99999999999999999999999999999999;;14075146657;;313985;261004;;1254986897;1099166738;;
2019-01-31 00:00:00;;Limity;6003026,99999999999999999999999999999904;;10284350067,5279999999999999999999999999;;218888;193582;;983073432,528;899283317,528;;
2019-01-31 00:00:00;;Mieszkaniowe;2421867,99999999999999999999999999999232;;430736341957,437259000000000000000000022;;43282,9999999999999999999999999999999997;30576,9999999999999999999999999999999997;;15354029816,310342;12070472293,227961;;
2019-01-31 00:00:00;;Po¿yczki pozabankowe;1077201;;4501177009;;317118;230406;;1375679825;988959859;;
2019-01-31 00:00:00;;Ratalne;4900577,99999999999999999999999999999977;;17984384132,661593;;322809;272244;;2096817297,9376;1919136550,0191;;
2019-02-28 00:00:00;;Gotówkowe;8145455,99999999999999999999999999999902;;150514563551,667759;;995655,999999999999999999999999999999924;881347,999999999999999999999999999999938;;23388181169,4086999999999999999999999999;20736795278,2030999999999999999999999999;;
2019-02-28 00:00:00;;Karty kredytowe;6360896,99999999999999999999999999999999;;14121580383;;310794;263289;;1265086910;1115675140;;
2019-02-28 00:00:00;;Limity;5994463,99999999999999999999999999999906;;9949083185,01579999999999999999999999985;;214448;193917;;974807745,0158;904922711,0158;;
2019-02-28 00:00:00;;Mieszkaniowe;2428619,99999999999999999999999999999231;;433344098458,818451999999999999999999996;;41964,9999999999999999999999999999999997;30393,9999999999999999999999999999999997;;15053399067,495659;12151053082,096547;;
2019-02-28 00:00:00;;Po¿yczki pozabankowe;1081254;;4499728427;;324116;239214;;1408373728;1028646620;;
2019-02-28 00:00:00;;Ratalne;4848321,99999999999999999999999999999976;;17990424535,757683;;320609;274611;;2075987370,6652;1938203115,6877;;
2019-03-31 00:00:00;;Gotówkowe;8150082,999999999999999999999999999999;;152231394298,054875;;983703,999999999999999999999999999999924;872414,999999999999999999999999999999937;;23440755026,2729;20799635199,1434;;
2019-03-31 00:00:00;;Karty kredytowe;6376666,99999999999999999999999999999999;;13993487891;;309500;260664;;1267474437;1113290883;;
2019-03-31 00:00:00;;Limity;5981971,99999999999999999999999999999905;;9939821509,19449999999999999999999999984;;216195;192728;;965590506,1945;893388016,1945;;
2019-03-31 00:00:00;;Mieszkaniowe;2436788,99999999999999999999999999999231;;436516385430,534124999999999999999999997;;41039,9999999999999999999999999999999997;29824,9999999999999999999999999999999997;;14958699443,919425;12119623040,66725;;
2019-03-31 00:00:00;;Po¿yczki pozabankowe;1091996;;4568652905;;336821;252316;;1503477877;1118525175;;
2019-03-31 00:00:00;;Ratalne;4813920,99999999999999999999999999999976;;17919834908,897025;;309922;265873;;2046917454,2292;1912710422,1059;;
2019-04-30 00:00:00;;Gotówkowe;8171864,99999999999999999999999999999901;;153914989651,779034;;991090,999999999999999999999999999999925;874994,999999999999999999999999999999938;;23634268648,1344;20868451201,7118;;
2019-04-30 00:00:00;;Karty kredytowe;6395444,99999999999999999999999999999999;;14340318870;;312306;259151;;1294376139;1122670298;;
2019-04-30 00:00:00;;Limity;5977697,99999999999999999999999999999907;;10053771623,2991;;217256;192986;;971550801,2991;899760547,2991;;
2019-04-30 00:00:00;;Mieszkaniowe;2445594,99999999999999999999999999999234;;436045723331,770237000000000000000000012;;41649,9999999999999999999999999999999997;29903,9999999999999999999999999999999997;;14966617379,797971;12060510698,082358;;
2019-04-30 00:00:00;;Po¿yczki pozabankowe;1110837;;4635151053;;351643;265322;;1577621167;1186232170;;
2019-04-30 00:00:00;;Ratalne;4827596,99999999999999999999999999999974;;17927198784,383564;;312367;264609;;2048615292,5295;1904185786,6351;;
2019-05-31 00:00:00;;Gotówkowe;8201858,99999999999999999999999999999904;;155659704916,666288;;985053,999999999999999999999999999999925;871372,999999999999999999999999999999937;;23849620853,1298;21126543940,1682;;
2019-05-31 00:00:00;;Karty kredytowe;6415523,99999999999999999999999999999999;;14445906834;;308655;257301;;1288777596;1124061512;;
2019-05-31 00:00:00;;Limity;5972346,99999999999999999999999999999907;;10145705304,4583999999999999999999999999;;219629;195327;;991158223,4584;914996572,4584;;
2019-05-31 00:00:00;;Mieszkaniowe;2455378,99999999999999999999999999999234;;440146296743,84672799999999999999999998;;42258,9999999999999999999999999999999997;30432,9999999999999999999999999999999997;;15216749376,591516;12310900516,033327;;
2019-05-31 00:00:00;;Po¿yczki pozabankowe;1124464;;4748059477;;361708;277387;;1656072077;1270765690;;
2019-05-31 00:00:00;;Ratalne;4807135,99999999999999999999999999999975;;17907913093,663582;;297955;253972;;2048944683,8586;1922065817,429;;
2019-06-30 00:00:00;;Gotówkowe;8241200,99999999999999999999999999999903;;157407909468,910305;;986187,999999999999999999999999999999925;868735,999999999999999999999999999999938;;23952357810,966;21219708754,6934;;
2019-06-30 00:00:00;;Karty kredytowe;6438522,99999999999999999999999999999999;;14680169496;;309162;255982;;1301516394;1126087652;;
2019-06-30 00:00:00;;Limity;5966592,99999999999999999999999999999908;;10191811662,3903999999999999999999999998;;214359;192190;;948073238,3904;879310784,3904;;
2019-06-30 00:00:00;;Mieszkaniowe;2463155,99999999999999999999999999999236;;442193815347,670224999999999999999999973;;41499,9999999999999999999999999999999997;29925,9999999999999999999999999999999997;;15038478933,509464;12172929737,620391;;
2019-06-30 00:00:00;;Po¿yczki pozabankowe;1126475;;4644129430;;343258;262275;;1561729116;1178062605;;
2019-06-30 00:00:00;;Ratalne;4762345,99999999999999999999999999999975;;17873745787,045794;;311407;255376;;2070235331,2404;1921298291,5978;;
2019-07-31 00:00:00;;Gotówkowe;8299400,99999999999999999999999999999904;;159229776388,578125;;988282,999999999999999999999999999999928;869771,999999999999999999999999999999941;;24248211353,8096;21488529378,6809;;
2019-07-31 00:00:00;;Karty kredytowe;6465329,99999999999999999999999999999999;;15060321794;;382922,999999999999999999999999999999998;326160;;1513939028;1336885658;;
2019-07-31 00:00:00;;Limity;5965012,99999999999999999999999999999909;;10451138761,5383999999999999999999999999;;217216;193560;;947272561,5384;875359282,5384;;
2019-07-31 00:00:00;;Mieszkaniowe;2472787,99999999999999999999999999999238;;446453149724,294329999999999999999999991;;41685,9999999999999999999999999999999997;30158,9999999999999999999999999999999997;;15196018476,5949;12320401116,920045;;
2019-07-31 00:00:00;;Po¿yczki pozabankowe;1139674;;4760843197;;355955;277280;;1640739242;1267736179;;
2019-07-31 00:00:00;;Ratalne;4746651,99999999999999999999999999999973;;17965581967,748675;;305099;252723;;2070680790,6287;1928425284,008;;
2019-08-31 00:00:00;;Gotówkowe;8347274,99999999999999999999999999999904;;160671851548,495125;;1000897,99999999999999999999999999999993;880103,999999999999999999999999999999943;;24629163320,2504;21796174845,7649;;
2019-08-31 00:00:00;;Karty kredytowe;6478173,99999999999999999999999999999999;;15135088957;;384958,999999999999999999999999999999999;329959;;1545263782;1368195492;;
2019-08-31 00:00:00;;Limity;5954121,9999999999999999999999999999991;;10401340209,0975999999999999999999999998;;211747;189959;;944955115,0976;873995659,0976;;
2019-08-31 00:00:00;;Mieszkaniowe;2481583,99999999999999999999999999999237;;452687148747,121099999999999999999999993;;42591,9999999999999999999999999999999997;30219,9999999999999999999999999999999998;;15541502157,970775;12444357122,618625;;
2019-08-31 00:00:00;;Po¿yczki pozabankowe;1144854;;4701220219;;350720;274370;;1664589805;1317218133;;
2019-08-31 00:00:00;;Ratalne;4769410,99999999999999999999999999999974;;18109111957,30525;;304740;258241;;2081282065,4143;1932991801,7353;;
2019-09-30 00:00:00;;Gotówkowe;8376975,99999999999999999999999999999904;;161804523920,251418;;998592,999999999999999999999999999999931;881601,999999999999999999999999999999944;;24564776388,4144;21816040533,4836;;
2019-09-30 00:00:00;;Karty kredytowe;6515172,99999999999999999999999999999999;;15106270079;;378390,999999999999999999999999999999999;327360;;1544544685;1372572919;;
2019-09-30 00:00:00;;Limity;5945437,99999999999999999999999999999911;;10588376708,9999999999999999999999999999;;213600;190212;;947781692;864424887;;
2019-09-30 00:00:00;;Mieszkaniowe;2490120,99999999999999999999999999999236;;455728093136,062017000000000000000000007;;42061,9999999999999999999999999999999997;30356,9999999999999999999999999999999997;;15524799990,545276;12585259699,230747;;
2019-09-30 00:00:00;;Po¿yczki pozabankowe;1162137;;4718771291;;359203;286541;;1731518178;1401223866;;
2019-09-30 00:00:00;;Ratalne;4747889,99999999999999999999999999999974;;18161947290,092583;;301963;258031;;2074193056,6862;1942962926,3072;;
2019-10-31 00:00:00;;Gotówkowe;8420026,99999999999999999999999999999904;;162718663351,489234;;1008929,99999999999999999999999999999993;893064,99999999999999999999999999999994;;24782952038,4303;22034294535,8392;;
2019-10-31 00:00:00;;Karty kredytowe;6528088,99999999999999999999999999999999;;15354065963;;381508,999999999999999999999999999999999;330895;;1561407703;1401445831;;
2019-10-31 00:00:00;;Limity;5900941,99999999999999999999999999999912;;10388390319,9107999999999999999999999999;;215453;192256;;963023858,9108;875850047,9108;;
2019-10-31 00:00:00;;Mieszkaniowe;2499198,9999999999999999999999999999924;;453517933251,498540999999999999999999991;;42127,9999999999999999999999999999999997;30548,9999999999999999999999999999999997;;15424892070,392465;12546941140,948327;;
2019-10-31 00:00:00;;Po¿yczki pozabankowe;1167370;;4691077142;;354306;285652;;1735360880;1424817068;;
2019-10-31 00:00:00;;Ratalne;4707600,99999999999999999999999999999975;;18214943938,415334;;301761;259665;;2078334893,8432;1944324178,7469;;
2019-11-30 00:00:00;;Gotówkowe;8412399,99999999999999999999999999999904;;163016129780,702103;;973354,999999999999999999999999999999928;854764,999999999999999999999999999999942;;24555033847,0192;21711978549,2028;;
2019-11-30 00:00:00;;Karty kredytowe;6534752,99999999999999999999999999999999;;15477852073;;375339,999999999999999999999999999999999;322012;;1559154692;1383841951;;
2019-11-30 00:00:00;;Limity;5884860,99999999999999999999999999999912;;10251741542,4711999999999999999999999998;;211731;194295;;942251522,4712;864653255,4712;;
2019-11-30 00:00:00;;Mieszkaniowe;2505565,99999999999999999999999999999244;;457375216913,200136000000000000000000007;;41693,9999999999999999999999999999999997;30227,9999999999999999999999999999999997;;15426927436,747233;12546836968,755623;;
2019-11-30 00:00:00;;Po¿yczki pozabankowe;1164303;;4595286180;;345459;277664;;1696691888;1397928972;;
2019-11-30 00:00:00;;Ratalne;4738277,99999999999999999999999999999975;;18389973519,912555;;293438;249179;;2067412854,78;1912580815,714;;
2019-12-31 00:00:00;;Gotówkowe;8374125,99999999999999999999999999999904;;162042241419,902325;;935834,999999999999999999999999999999935;811346,999999999999999999999999999999949;;23523713934,6717;20580254793,1157;;
2019-12-31 00:00:00;;Karty kredytowe;6516519,99999999999999999999999999999999;;15545469120;;372914,999999999999999999999999999999999;311586;;1453027234;1257324508;;
2019-12-31 00:00:00;;Limity;5856437,99999999999999999999999999999913;;10378828033,7611999999999999999999999999;;213115;190349;;912055132,7612;827644092,7612;;
2019-12-31 00:00:00;;Mieszkaniowe;2510724,9999999999999999999999999999924;;458728867828,484889000000000000000000006;;41956,9999999999999999999999999999999997;30039,9999999999999999999999999999999997;;15427342696,085839;12503447928,619217;;
2019-12-31 00:00:00;;Po¿yczki pozabankowe;1176564;;4686554998;;389769;321487;;1824622016;1530210113;;
2019-12-31 00:00:00;;Ratalne;4844533,99999999999999999999999999999974;;18844085913,52892;;297016;246740;;2039287622,8904;1898118792,1061;;
2020-01-31 00:00:00;;Gotówkowe;8403740,99999999999999999999999999999904;;162586262455,72518;;955837,999999999999999999999999999999937;828333,999999999999999999999999999999949;;23957740123,6657;20975262565,842;;
2020-01-31 00:00:00;;Karty kredytowe;6510640,99999999999999999999999999999999;;15391984788;;373365,999999999999999999999999999999999;315017;;1491712529;1288989808;;
2020-01-31 00:00:00;;Limity;5838538,99999999999999999999999999999915;;10443455055,5237;;208961;186793;;889200000,5237;808457727,5237;;
2020-01-31 00:00:00;;Mieszkaniowe;2517359,99999999999999999999999999999243;;463289801188,887684000000000000000000018;;42521,9999999999999999999999999999999997;30080,9999999999999999999999999999999998;;15692265544,432536;12633094999,978288;;
2020-01-31 00:00:00;;Po¿yczki pozabankowe;1186051;;4780825673;;384521;319015;;1833414974;1554768441;;
2020-01-31 00:00:00;;Ratalne;4821751,99999999999999999999999999999975;;18864042551,7123519999999999999999999999;;296583;249903;;2060629712,256;1916805125,8154;;
2020-02-29 00:00:00;;Gotówkowe;8406720,99999999999999999999999999999904;;163522954459,935628;;953265,999999999999999999999999999999938;834536,999999999999999999999999999999949;;24058054567,2853;21266244581,4822;;
2020-02-29 00:00:00;;Karty kredytowe;6501012,99999999999999999999999999999999;;15281108111;;366268,999999999999999999999999999999999;315903;;1500514256;1315791317;;
2020-02-29 00:00:00;;Limity;5825060,99999999999999999999999999999919;;10117465383,1349999999999999999999999998;;204164;186949;;880529235,135;813687738,135;;
2020-02-29 00:00:00;;Mieszkaniowe;2525259,99999999999999999999999999999246;;466665244689,671412000000000000000000009;;41478,9999999999999999999999999999999997;29960,9999999999999999999999999999999997;;15608388033,487655;12685068379,707404;;
2020-02-29 00:00:00;;Po¿yczki pozabankowe;1194348;;5664111878,2535;;426339;336975;;2049444986;1661906117;;
2020-02-29 00:00:00;;Ratalne;4812399,99999999999999999999999999999975;;18860554971,391284;;292856;250754;;2063637420,9013;1922368398,9068;;
2020-03-31 00:00:00;;Gotówkowe;8346436,99999999999999999999999999999904;;163499588749,240876;;956028,999999999999999999999999999999939;830412,999999999999999999999999999999949;;24593041008,7899;21578156085,3693;;
2020-03-31 00:00:00;;Karty kredytowe;6463568,99999999999999999999999999999999;;14751983226;;370489,999999999999999999999999999999999;317372;;1534977680;1338908681;;
2020-03-31 00:00:00;;Limity;5805290,99999999999999999999999999999919;;10121586216,3616;;210920;187357;;898297011,3616;809403691,3616;;
2020-03-31 00:00:00;;Mieszkaniowe;2533396,99999999999999999999999999999247;;475972183494,602419999999999999999999994;;42975,9999999999999999999999999999999997;30347,9999999999999999999999999999999998;;16287169648,539692;13037166133,91948;;
2020-03-31 00:00:00;;Po¿yczki pozabankowe;1169031;;5643651855;;452598;354099;;2185345195;1757977488;;
2020-03-31 00:00:00;;Ratalne;4742280,99999999999999999999999999999976;;18691429797,5388759999999999999999999999;;282443;236913;;2005996777,638;1853481462,5229;;
2020-04-30 00:00:00;;Gotówkowe;8244439,99999999999999999999999999999905;;162092636871,174546;;976310,999999999999999999999999999999934;841690,999999999999999999999999999999948;;25191041402,2654;21894042639,3897;;
2020-04-30 00:00:00;;Karty kredytowe;6430835,99999999999999999999999999999999;;14114292911;;377309,999999999999999999999999999999999;319745;;1580291917;1363897601;;
2020-04-30 00:00:00;;Limity;5785160,99999999999999999999999999999919;;9572160349,58909999999999999999999999976;;207592;187823;;901532278,5891;819193791,5891;;
2020-04-30 00:00:00;;Mieszkaniowe;2539785,99999999999999999999999999999248;;478221013548,082353999999999999999999983;;43754,9999999999999999999999999999999997;30735,9999999999999999999999999999999997;;16585144636,159844;13233163804,48224;;
2020-04-30 00:00:00;;Po¿yczki pozabankowe;1124737;;5459810360;;484678;369982;;2353633226;1855133795;;
2020-04-30 00:00:00;;Ratalne;4666247,99999999999999999999999999999975;;18343737014,3997;;281989;237161;;2031975515,8664;1865414544,6446;;
2020-05-31 00:00:00;;Gotówkowe;8182919,99999999999999999999999999999905;;161612141907,724084;;982477,999999999999999999999999999999934;856422,999999999999999999999999999999949;;25391195875,0638;22357955241,8442;;
2020-05-31 00:00:00;;Karty kredytowe;6427848,99999999999999999999999999999999;;14224220023;;373500,999999999999999999999999999999999;323566;;1573561848;1392942993;;
2020-05-31 00:00:00;;Limity;5765535,9999999999999999999999999999992;;9644418221,52109999999999999999999999984;;209629;189366;;906370889,5211;832577906,5211;;
2020-05-31 00:00:00;;Mieszkaniowe;2544563,99999999999999999999999999999251;;476374557941,834891999999999999999999994;;43215,9999999999999999999999999999999997;31289,9999999999999999999999999999999997;;16186268919,439404;13268958341,960404;;
2020-05-31 00:00:00;;Po¿yczki pozabankowe;1102436;;5289805492;;502014;392771;;2441741643;1962761908;;
2020-05-31 00:00:00;;Ratalne;4691005,99999999999999999999999999999979;;18337687899,0626;;282895;240585;;2042226583,3436;1882639423,7435;;
2020-06-30 00:00:00;;Gotówkowe;8142993,99999999999999999999999999999905;;161573731167,928055;;964544,999999999999999999999999999999933;856863,999999999999999999999999999999946;;25099993096,1909;22744344857,4777;;
2020-06-30 00:00:00;;Karty kredytowe;6421552,99999999999999999999999999999999;;14530399723;;370549,999999999999999999999999999999999;323484;;1557375910;1403593306;;
2020-06-30 00:00:00;;Limity;5750267,99999999999999999999999999999924;;9709878053,4098;;209574;190832;;884430486,4098;826159715,4098;;
2020-06-30 00:00:00;;Mieszkaniowe;2547632,99999999999999999999999999999255;;478428906240,800518999999999999999999987;;41540,9999999999999999999999999999999997;31757,9999999999999999999999999999999997;;15617069500,736169;13418052734,151884;;
2020-06-30 00:00:00;;Po¿yczki pozabankowe;1089214;;5195237625;;510122;407162;;2509557059;2062748676;;
2020-06-30 00:00:00;;Ratalne;4734119,9999999999999999999999999999998;;18512330345,568;;278635;239624;;2027940385,581;1898001569,8052;;
2020-07-31 00:00:00;;Gotówkowe;8128504,99999999999999999999999999999905;;161878606530,452562;;956362,999999999999999999999999999999935;861398,999999999999999999999999999999946;;24862367957,7316;22868950340,7258;;
2020-07-31 00:00:00;;Karty kredytowe;6409647,99999999999999999999999999999999;;14669020544;;369275,999999999999999999999999999999999;324563;;1543025710;1409290576;;
2020-07-31 00:00:00;;Limity;5734547,99999999999999999999999999999924;;9778215259,4144;;211729;193467;;895699793,4144;839484665,4144;;
2020-07-31 00:00:00;;Mieszkaniowe;2551486,99999999999999999999999999999254;;477564092951,007293999999999999999999996;;40169,9999999999999999999999999999999998;31697,9999999999999999999999999999999997;;15152988175,581434;13284708440,515122;;
2020-07-31 00:00:00;;Po¿yczki pozabankowe;1089789;;5167219850;;507960;418639;;2512609265;2133278726;;
2020-07-31 00:00:00;;Ratalne;4744225,99999999999999999999999999999974;;18724954271,75;;277268;242345;;2013422934,8058;1903718637,957;;
2020-08-31 00:00:00;;Gotówkowe;8111637,99999999999999999999999999999905;;162253153624,00295;;962675,99999999999999999999999999999994;865527,999999999999999999999999999999949;;25188391921,1662;23048246616,2128;;
2020-08-31 00:00:00;;Karty kredytowe;6384981,99999999999999999999999999999999;;14718174126;;367445,999999999999999999999999999999999;322611;;1546681929;1412528442;;
2020-08-31 00:00:00;;Limity;5726666,99999999999999999999999999999926;;10014119265,9339999999999999999999999998;;213255;194266;;911032475,934;848069065,934;;
2020-08-31 00:00:00;;Mieszkaniowe;2554536,99999999999999999999999999999257;;478682943765,377446000000000000000000018;;41163,9999999999999999999999999999999997;31365,9999999999999999999999999999999997;;15516276616,371926;13225520248,527494;;
2020-08-31 00:00:00;;Po¿yczki pozabankowe;1094273;;5119432911;;506019;427024;;2513170565;2183251953;;
2020-08-31 00:00:00;;Ratalne;4802243,99999999999999999999999999999978;;19075085087,65;;281273;243117;;2043847936,9498;1901453519,7674;;
2020-09-30 00:00:00;;Gotówkowe;8098878,99999999999999999999999999999905;;162536773409,694294;;953736,999999999999999999999999999999939;861013,999999999999999999999999999999948;;24983347994,7966;22966638710,734;;
2020-09-30 00:00:00;;Karty kredytowe;6384408,99999999999999999999999999999999;;14756433221;;363021,999999999999999999999999999999999;320344;;1527368214;1398251412;;
2020-09-30 00:00:00;;Limity;5717350,99999999999999999999999999999926;;10092082106,1845999999999999999999999998;;207678;191894;;869808724,1846;819875017,1846;;
2020-09-30 00:00:00;;Mieszkaniowe;2560884,99999999999999999999999999999258;;483664650630,307040000000000000000000004;;38847,9999999999999999999999999999999997;30963,9999999999999999999999999999999998;;15064239037,005628;13200511421,275954;;
2020-09-30 00:00:00;;Po¿yczki pozabankowe;1081069;;4970308955;;499326;427659;;2495307338;2210743957;;
2020-09-30 00:00:00;;Ratalne;4809524,99999999999999999999999999999976;;19266444262,8136;;269747;235831;;1968332264,2682;1862680400,592;;
2020-10-31 00:00:00;;Gotówkowe;8037634,99999999999999999999999999999906;;161844826294,83392;;933575,99999999999999999999999999999994;843761,999999999999999999999999999999949;;24461247047,1135;22479482739,6441;;
2020-10-31 00:00:00;;Karty kredytowe;6289406,99999999999999999999999999999999;;14477126794;;354788;313874;;1503472585;1375384640;;
2020-10-31 00:00:00;;Limity;5707406,99999999999999999999999999999928;;9970775058,86439999999999999999999999985;;205992;191981;;875873285,8644;827170870,8644;;
2020-10-31 00:00:00;;Mieszkaniowe;2567405,99999999999999999999999999999261;;489491247811,719366000000000000000000014;;38528,9999999999999999999999999999999997;30756,9999999999999999999999999999999997;;15104403635,747955;13252288649,910178;;
2020-10-31 00:00:00;;Po¿yczki pozabankowe;1079290;;4988555567;;496110;430106;;2481016834;2218907629;;
2020-10-31 00:00:00;;Ratalne;4854985,99999999999999999999999999999977;;19546452281,9274;;264395;231796;;1944367119,4897;1842122323,5779;;
2020-11-30 00:00:00;;Gotówkowe;7963580,99999999999999999999999999999908;;160880273514,77152;;921160,999999999999999999999999999999944;824874,999999999999999999999999999999953;;24312693036,8966;22104986781,0273;;
2020-11-30 00:00:00;;Karty kredytowe;6261971,99999999999999999999999999999999;;14310926083;;344592;303266;;1449237453;1312682124;;
2020-11-30 00:00:00;;Limity;5686045,99999999999999999999999999999929;;9921428744,15599999999999999999999999985;;205412;188693;;832347751,156;780749415,156;;
2020-11-30 00:00:00;;Mieszkaniowe;2572389,99999999999999999999999999999261;;486489845528,974892000000000000000000002;;39445,9999999999999999999999999999999997;30366,9999999999999999999999999999999998;;15316958522,273652;13054604699,718078;;
2020-11-30 00:00:00;;Po¿yczki pozabankowe;1074794;;4899688302;;480655;420497;;2426112751;2192281782;;
2020-11-30 00:00:00;;Ratalne;4940446,99999999999999999999999999999977;;19942482390,2146;;255798;222466;;1983905706,3397;1866547789,7705;;
2020-12-31 00:00:00;;Gotówkowe;7886315,99999999999999999999999999999911;;159078276330,085708;;895224,99999999999999999999999999999995;794255,999999999999999999999999999999958;;23432607436,5107;21037278569,3251;;
2020-12-31 00:00:00;;Karty kredytowe;6244792,99999999999999999999999999999999;;14417961498;;341561;299728;;1444357553;1304469866;;
2020-12-31 00:00:00;;Limity;5660734,9999999999999999999999999999993;;9875919734,29439999999999999999999999989;;200358;184111;;814704126,2944;751794179,2944;;
2020-12-31 00:00:00;;Mieszkaniowe;2576535,99999999999999999999999999999266;;491950229356,448191999999999999999999999;;39471,9999999999999999999999999999999997;30314,9999999999999999999999999999999997;;15490855970,536468;13167418413,861832;;
2020-12-31 00:00:00;;Po¿yczki pozabankowe;1079517;;4878189975;;476719;412750;;2324827336;2082961762;;
2020-12-31 00:00:00;;Ratalne;4992290,99999999999999999999999999999978;;20339307351,3778;;252793;220902;;1965143949,4949;1845621249,4046;;
2021-01-31 00:00:00;;Gotówkowe;7848243,99999999999999999999999999999911;;158581912472,022208;;906916,99999999999999999999999999999995;802939,999999999999999999999999999999959;;23718717022,7405;21209722660,328;;
2021-01-31 00:00:00;;Karty kredytowe;6227340,99999999999999999999999999999999;;13999260739;;344504,999999999999999999999999999999999;302367;;1464084981;1320334913;;
2021-01-31 00:00:00;;Limity;5638215,99999999999999999999999999999931;;9804988500,83199999999999999999999999986;;203605;184611;;821331922,832;757631897,832;;
2021-01-31 00:00:00;;Mieszkaniowe;2580693,99999999999999999999999999999266;;491527374133,808522999999999999999999995;;40080,9999999999999999999999999999999997;30481,9999999999999999999999999999999998;;15582260200,338138;13106409012,524521;;
2021-01-31 00:00:00;;Po¿yczki pozabankowe;1070907;;4793780154,9275;;475250;410542;;2272771352;2034026564;;
2021-01-31 00:00:00;;Ratalne;4980624,9999999999999999999999999999998;;20314858517,603;;253488;220179;;1951697479,8075;1804054522,7505;;
2021-02-28 00:00:00;;Gotówkowe;7836102,99999999999999999999999999999912;;158792141411,270242;;914382,999999999999999999999999999999952;814839,999999999999999999999999999999961;;23925802103,9576;21569171683,3552;;
2021-02-28 00:00:00;;Karty kredytowe;6220748,99999999999999999999999999999999;;14003971203;;345117;303695;;1472741623;1335694119;;
2021-02-28 00:00:00;;Limity;5618608,99999999999999999999999999999934;;9546200132,11179999999999999999999999991;;202928;185163;;826200747,1118;764289136,1118;;
2021-02-28 00:00:00;;Mieszkaniowe;2586745,99999999999999999999999999999267;;490571093646,18056399999999999999999998;;39692,9999999999999999999999999999999998;30443,9999999999999999999999999999999998;;15387263830,243652;13081749218,47673;;
2021-02-28 00:00:00;;Po¿yczki pozabankowe;1071373;;4767924631,315;;474523;410210;;2255572685;2023163947;;
2021-02-28 00:00:00;;Ratalne;4997459,99999999999999999999999999999985;;20464109762,7733;;253587;221583;;1954882472,2883;1821603871,2918;;
2021-03-31 00:00:00;;Gotówkowe;7775084,99999999999999999999999999999913;;158307687748,382;;866905,999999999999999999999999999999956;770778,999999999999999999999999999999965;;23111021610,9875;20837576778,2935;;
2021-03-31 00:00:00;;Karty kredytowe;6186388,99999999999999999999999999999999;;14004324973;;334553;295253;;1450472213;1316145504;;
2021-03-31 00:00:00;;Limity;5594635,99999999999999999999999999999934;;9716867775,84199999999999999999999999986;;203113;184341;;824068665,842;753275520,842;;
2021-03-31 00:00:00;;Mieszkaniowe;2592535,9999999999999999999999999999927;;495805752597,073600000000000000000000018;;39391,9999999999999999999999999999999997;30506,9999999999999999999999999999999997;;15473573903,5184;13236779234,458;;
2021-03-31 00:00:00;;Po¿yczki pozabankowe;1068513;;4812913273,8972;;476498;413295;;2262574363;2039605318;;
2021-03-31 00:00:00;;Ratalne;5008972,9999999999999999999999999999998;;20840480672,5666;;227233;198531;;1895054483,4863;1778844187,4676;;
